id,author,description,guid,to,likecount,link,pubdate,replycount,title,authorChannelUrl
1,Wirda Sapitri,Bang.hotman.bantu.dong.jesika.supaya.bebas.kasian.masa.depanya.hancur.tangkap.ayah.mirna.yg.meyogok.,UgxNG-uiH-r-jV0qdD94AaABAg,,0,https://www.youtube.com/watch?v=gyEi5CC9JXI&lc=UgxNG-uiH-r-jV0qdD94AaABAg,10/7/2023 14:29,0,Bang.hotman.bantu.dong.jesika.supaya.bebas.kasian.masa.depanya.hancur.tangkap.ayah.mirna.yg.meyogok.,http://www.youtube.com/channel/UC5h6W2AnYnE6LEQQKWxONqA
2,ferry arbiancha,Minta grasi= ngaku membunuh,UgyhQfBQhqlrgFcqubp4AaABAg,,0,https://www.youtube.com/watch?v=gyEi5CC9JXI&lc=UgyhQfBQhqlrgFcqubp4AaABAg,10/7/2023 13:26,0,Minta grasi= ngaku membunuh,http://www.youtube.com/channel/UC5Xqm8BoeOmf5tmvEmxpMSg
3,Rahmansyah Wilan,"Iya, di dunia hukum dia tidak akan mendapatkan keadilan kecuali jika pemimpin kedepan nya ada niat membongkar kasus ini dan dia dianggap tidak bersalah tapi kan dia punya Tuhan dan yakin lah dimata Tuhan dia tidak bersalah dan terbukti kasus nya mulai lagi diperbincangkan!",Ugxjc_Kka9IR6B0PFnR4AaABAg,,0,https://www.youtube.com/watch?v=gyEi5CC9JXI&lc=Ugxjc_Kka9IR6B0PFnR4AaABAg,10/7/2023 11:44,0,"Iya, di dunia hukum dia tidak akan mendapatkan keadilan kecuali jika pemimpin kedepan nya ada niat membongkar kasus ini dan dia dianggap tidak bersalah tapi kan dia punya Tuhan dan yakin lah dimata Tuhan dia tidak bersalah dan terbukti kasus nya mulai lagi diperbincangkan!",http://www.youtube.com/channel/UC8vNo7_f07-zwG6FF0SYiSA
4,Antoni Arianto,"asam lambung itu, buktinya ada luka lama pada lambung pada saat diperiksa oleh ahli forensik kasus dagelan krisna mukti tukang setting skenario kasus, kombes pansos. jessica korban bukan pelaku bukti tidak ada hanya keyakinan hakim semua persidangan dagelan masih mending srimulat",UgzA3HiTDdvGnp4SX8V4AaABAg,,0,https://www.youtube.com/watch?v=gyEi5CC9JXI&lc=UgzA3HiTDdvGnp4SX8V4AaABAg,10/7/2023 8:35,0,"asam lambung itu, buktinya ada luka lama pada lambung pada saat diperiksa oleh ahli forensik kasus dagelan krisna mukti tukang setting skenario kasus, kombes pansos. jessica korban bukan pelaku bukti tidak ada hanya keyakinan hakim semua persidangan dagelan masih mending srimulat",http://www.youtube.com/channel/UC0z1tmV9x7d-baQU1KC4GEg
5,gina wijaya,Sabar buat mama jes...hukum alam akan bekerja mama jes...,Ugzsh_VSWqqfYDvlTsR4AaABAg,,0,https://www.youtube.com/watch?v=gyEi5CC9JXI&lc=Ugzsh_VSWqqfYDvlTsR4AaABAg,10/7/2023 7:13,0,Sabar buat mama jes...hukum alam akan bekerja mama jes...,http://www.youtube.com/channel/UCKeTeQ0MxKjQLe2Ahz3Apyg
6,ranti varissa ananda,Kalau tdk salah utk apa kita bilg kita salah lebih baik dalam penjara 100 tahun dari pada kita mengakui hal yg TDK kita lakukan,Ugz-Rm6qGAKGj1qjg-F4AaABAg,,0,https://www.youtube.com/watch?v=gyEi5CC9JXI&lc=Ugz-Rm6qGAKGj1qjg-F4AaABAg,10/7/2023 4:09,0,Kalau tdk salah utk apa kita bilg kita salah lebih baik dalam penjara 100 tahun dari pada kita mengakui hal yg TDK kita lakukan,http://www.youtube.com/channel/UCC7Ztdk-U8tIgwI2PgnUV8Q
7,ranti varissa ananda,"Saya tdk meminta Jesika di bebaskan tapi tunjukkan pada kami siapa pelaku sebenarnya apa yg terjadi sebenarnya fakta itu yg kami minta tapi jika Jesika tidak salah tapi Jesika dihukum itu ngk msk akal,",UgzM2m3nSMCros8dHlV4AaABAg,,0,https://www.youtube.com/watch?v=gyEi5CC9JXI&lc=UgzM2m3nSMCros8dHlV4AaABAg,10/7/2023 4:08,0,"Saya tdk meminta Jesika di bebaskan tapi tunjukkan pada kami siapa pelaku sebenarnya apa yg terjadi sebenarnya fakta itu yg kami minta tapi jika Jesika tidak salah tapi Jesika dihukum itu ngk msk akal,",http://www.youtube.com/channel/UCC7Ztdk-U8tIgwI2PgnUV8Q
8,Lambodi Kombely,tapi klw mirna ngga di temukan sianida di tubuhnya lalau kematian mirna di anggap di bunuh aku rasa banyak orang mati habis minum kopi bukan aja minum kopi makanan bisah mematikan seseorang padahal dia sehat aja2 jadi klw emang jesica ngga terbuti untuk apa mengakui keselahan itu sama aja mengakui dosa dosa mirna yg udah mati,UgzmY7uzZIMCU-d3MDJ4AaABAg,,0,https://www.youtube.com/watch?v=gyEi5CC9JXI&lc=UgzmY7uzZIMCU-d3MDJ4AaABAg,10/7/2023 3:36,0,tapi klw mirna ngga di temukan sianida di tubuhnya lalau kematian mirna di anggap di bunuh aku rasa banyak orang mati habis minum kopi bukan aja minum kopi makanan bisah mematikan seseorang padahal dia sehat aja2 jadi klw emang jesica ngga terbuti untuk apa mengakui keselahan itu sama aja mengakui dosa dosa mirna yg udah mati,http://www.youtube.com/channel/UC3HT0HqEoTqp32SJRBJYugA
9,Lambodi Kombely,klw ngga bersalah apa yg harus di lakukan terus harus berpura2 mengaku bersalah supanya bisah peka itu bukan bodoh tapi klw memang ngga bersalh kenapa ngga peka aja supanya negara ini bisah adil gituh klw harus mengaku yg tidak di lakukan biar aja penjara 1000 tahun pun biar duduk di penjara krna kita ngga bersalah pasti aja jalan keluarnya,UgwKobWyV55OGq8YZVV4AaABAg,,0,https://www.youtube.com/watch?v=gyEi5CC9JXI&lc=UgwKobWyV55OGq8YZVV4AaABAg,10/7/2023 3:29,0,klw ngga bersalah apa yg harus di lakukan terus harus berpura2 mengaku bersalah supanya bisah peka itu bukan bodoh tapi klw memang ngga bersalh kenapa ngga peka aja supanya negara ini bisah adil gituh klw harus mengaku yg tidak di lakukan biar aja penjara 1000 tahun pun biar duduk di penjara krna kita ngga bersalah pasti aja jalan keluarnya,http://www.youtube.com/channel/UC3HT0HqEoTqp32SJRBJYugA
10,Afika nia,"Pelajaran dari peristiwa ini adalah : 1. Jangan pernah memesan minuman sebelum tamunya datang 2. Jangan pernah meminum minuman yg telah disediakan sebelum kita datang baik itu sahabat, teman atau siapapun itu 3. Kalo ada penjahat yg ingin melakukan tindakan dengan sekenario persisi seperti ini maka dipastikan akan lolos",Ugxmq4K3UxWteCSApIJ4AaABAg,,0,https://www.youtube.com/watch?v=gyEi5CC9JXI&lc=Ugxmq4K3UxWteCSApIJ4AaABAg,10/7/2023 0:34,0,"Pelajaran dari peristiwa ini adalah : 1. Jangan pernah memesan minuman sebelum tamunya datang 2. Jangan pernah meminum minuman yg telah disediakan sebelum kita datang baik itu sahabat, teman atau siapapun itu 3. Kalo ada penjahat yg ingin melakukan tindakan dengan sekenario persisi seperti ini maka dipastikan akan lolos",http://www.youtube.com/channel/UCS1LuAXFnSv1KBVq7KgHd2g
11,ÿßÿ™ŸÇ ÿßŸÑŸÑŸá ÿ≠Ÿäÿ´ŸÖÿß ŸÉŸÜÿ™,Wahh enak dong pembunuh bisa bebas kalo minta grasi hanya gara-gara Netflix keputusan 20 tahun tiba-tiba dianggap janggal..üò¢,Ugy_2kIshxGiGr_BGEp4AaABAg,,0,https://www.youtube.com/watch?v=gyEi5CC9JXI&lc=Ugy_2kIshxGiGr_BGEp4AaABAg,10/6/2023 23:14,0,Wahh enak dong pembunuh bisa bebas kalo minta grasi hanya gara-gara Netflix keputusan 20 tahun tiba-tiba dianggap janggal..üò¢,http://www.youtube.com/channel/UCTV6i9GrjHPoQxmruK5eUGQ
12,aya sigeg,Lho piye to Iki ?,Ugw3L9rhSxtDDwnVM7h4AaABAg,,0,https://www.youtube.com/watch?v=gyEi5CC9JXI&lc=Ugw3L9rhSxtDDwnVM7h4AaABAg,10/6/2023 22:49,0,Lho piye to Iki ?,http://www.youtube.com/channel/UCcZG_64GhjtqdjuA3KA2nVA
13,Astarina Handayani,"Yg harus dicari tau itu di dalam gelas kopi ada racun tidak, klo ada racun ya ini hasilnya ada yg mati siapa yg masukin racunnya, klo ga ada racun ya ga akan panjang lebar begini sodarasodaraaaaaaaaaa....",UgwOhVJIpZgLb9srSNB4AaABAg,,0,https://www.youtube.com/watch?v=gyEi5CC9JXI&lc=UgwOhVJIpZgLb9srSNB4AaABAg,10/6/2023 22:24,0,"Yg harus dicari tau itu di dalam gelas kopi ada racun tidak, klo ada racun ya ini hasilnya ada yg mati siapa yg masukin racunnya, klo ga ada racun ya ga akan panjang lebar begini sodarasodaraaaaaaaaaa....",http://www.youtube.com/channel/UCOmMTqaw61Ss16hRcqU-P9A
14,BabyMe,"grasi intinya minta pengampunan,, hottman aja panjang lebar dan gak kasih tau klo grasi itu change nya berapa persen ,,, haduuuhhhh ,,, banyak kok grasi yang gagal... mending gak usah ngaku salah jess,, tau lah wakanda klo kamu ngaku nanti di goreng2 lagi,, sayang bgt udah mau 10 tahun di penjara hancur karna masalah grasi yg belum pasti di terima atau ga",Ugz6qZPuM5Fj8q-jrrV4AaABAg,,1,https://www.youtube.com/watch?v=gyEi5CC9JXI&lc=Ugz6qZPuM5Fj8q-jrrV4AaABAg,10/6/2023 21:39,0,"grasi intinya minta pengampunan,, hottman aja panjang lebar dan gak kasih tau klo grasi itu change nya berapa persen ,,, haduuuhhhh ,,, banyak kok grasi yang gagal... mending gak usah ngaku salah jess,, tau lah wakanda klo kamu ngaku nanti di goreng2 lagi,, sayang bgt udah mau 10 tahun di penjara hancur karna masalah grasi yg belum pasti di terima atau ga",http://www.youtube.com/channel/UCRhOY3jZB1YEaJl7eQlq_dQ
15,Youtube LW,Ngapain ngaku kalau memang tidak salah. Bebaskan Jessica Wongso!,UgyCPobobswmIC_wVhV4AaABAg,,0,https://www.youtube.com/watch?v=gyEi5CC9JXI&lc=UgyCPobobswmIC_wVhV4AaABAg,10/6/2023 20:45,0,Ngapain ngaku kalau memang tidak salah. Bebaskan Jessica Wongso!,http://www.youtube.com/channel/UCJCUTekesjcCT0fD33Z4gbA
16,Eka F√°ng F√°ng,Si arif itu di periksa....,UgzGVpvKmv_KqK-Fgk94AaABAg,,0,https://www.youtube.com/watch?v=gyEi5CC9JXI&lc=UgzGVpvKmv_KqK-Fgk94AaABAg,10/6/2023 20:09,0,Si arif itu di periksa....,http://www.youtube.com/channel/UCaX3UzJ1rkjs__X_YbV0YPw
17,Lamiani Sinaga,"semangat jes, semoga ada keajaiban, kami mendukung mu",Ugw7vHnr2fcHkGcgwv14AaABAg,,0,https://www.youtube.com/watch?v=gyEi5CC9JXI&lc=Ugw7vHnr2fcHkGcgwv14AaABAg,10/6/2023 20:04,0,"semangat jes, semoga ada keajaiban, kami mendukung mu",http://www.youtube.com/channel/UCLwR9QKl3s9PuUnFsOaEB-A
18,Yoel Adisucipto,Kalo itu sig minta pengampunan sama saja mrlindungi hukum yg bobrok itu dan mrlindungi pelaku2 penyalag gunaan hukum....banding aja...lawan hukum yg bobrok itu yg ada kejanggalan...harus lawan kalo perlu segenap masyarakat ikut berpartisiasi...menguak kebenaran harus ditegakkan ini jaman modern jaman online bg hotman...jangan saranin dia mengaku bukan kesalahan....lawan hukum yg bobrok kuak kebenaran..,Ugxy9o9kA4NMMZJY9_x4AaABAg,,0,https://www.youtube.com/watch?v=gyEi5CC9JXI&lc=Ugxy9o9kA4NMMZJY9_x4AaABAg,10/6/2023 14:05,0,Kalo itu sig minta pengampunan sama saja mrlindungi hukum yg bobrok itu dan mrlindungi pelaku2 penyalag gunaan hukum....banding aja...lawan hukum yg bobrok itu yg ada kejanggalan...harus lawan kalo perlu segenap masyarakat ikut berpartisiasi...menguak kebenaran harus ditegakkan ini jaman modern jaman online bg hotman...jangan saranin dia mengaku bukan kesalahan....lawan hukum yg bobrok kuak kebenaran..,http://www.youtube.com/channel/UCB3hf_0aHVTlYU9XOCHHo-A
19,Muhammad miftahudin Mukhlis,Sabar jesss gw berpihak ke dirimu... semangat orang kuat‚ù§üòä,UgwavAmggIgy_QfNwCV4AaABAg,,0,https://www.youtube.com/watch?v=gyEi5CC9JXI&lc=UgwavAmggIgy_QfNwCV4AaABAg,10/6/2023 13:19,0,Sabar jesss gw berpihak ke dirimu... semangat orang kuat‚ù§üòä,http://www.youtube.com/channel/UCnIdzKLEmWP-xBHLkVWhibw
20,kacamata putih,Ada isu soal warisan gede dari asuransi milik Mirna? Jessica tidak punya motif untuk membunuh Mirna. Lalu siapa? Mari kita bertanya pada kuburan Mirna ü§≠,UgzC0rqlmMQZOgPdvTZ4AaABAg,,0,https://www.youtube.com/watch?v=gyEi5CC9JXI&lc=UgzC0rqlmMQZOgPdvTZ4AaABAg,10/6/2023 12:48,0,Ada isu soal warisan gede dari asuransi milik Mirna? Jessica tidak punya motif untuk membunuh Mirna. Lalu siapa? Mari kita bertanya pada kuburan Mirna ü§≠,http://www.youtube.com/channel/UCgftF01g2g6KspDAbYLwqTQ
21,Ami fabian,Sisa 12th lagi atau 13th lg,UgxdC5UO5nTYjpFa2up4AaABAg,,0,https://www.youtube.com/watch?v=gyEi5CC9JXI&lc=UgxdC5UO5nTYjpFa2up4AaABAg,10/6/2023 11:53,0,Sisa 12th lagi atau 13th lg,http://www.youtube.com/channel/UCMwpC2vSrTI_Q-g9NfRP_AQ
22,Alexandro Tantri,Jd ciapa donk yg bunuh Mirna sebenernya,UgzgyoVJpFb7c7U3N6p4AaABAg,,0,https://www.youtube.com/watch?v=gyEi5CC9JXI&lc=UgzgyoVJpFb7c7U3N6p4AaABAg,10/6/2023 11:41,0,Jd ciapa donk yg bunuh Mirna sebenernya,http://www.youtube.com/channel/UCwm18zN4L6ARi2UUflnKtkg
23,Gurung Lecha,Jesica jgn pernah takut dalam kebenaran. Jika benar kamu tidak bersalah iklaskanlah karna Hanya pengadilan Tuhan lah yg benar dan adil.,Ugx6OKcR5TjQbQd0ZId4AaABAg,,0,https://www.youtube.com/watch?v=gyEi5CC9JXI&lc=Ugx6OKcR5TjQbQd0ZId4AaABAg,10/6/2023 11:31,0,Jesica jgn pernah takut dalam kebenaran. Jika benar kamu tidak bersalah iklaskanlah karna Hanya pengadilan Tuhan lah yg benar dan adil.,http://www.youtube.com/channel/UCckagKEkC_VLM1pKJgcs0uw
24,Evelyn,Gak mau Jessica nya Bang . Ada di podcast om deddy,UgyOMmjM21JT5L77zJt4AaABAg,,0,https://www.youtube.com/watch?v=gyEi5CC9JXI&lc=UgyOMmjM21JT5L77zJt4AaABAg,10/6/2023 10:23,0,Gak mau Jessica nya Bang . Ada di podcast om deddy,http://www.youtube.com/channel/UCf10vZMW_a_Chfzpt87Fgmg
25,Chiki Lyani,"Kalo aku ga merasa bersalah,ogah mengakui Lebih baik aku menjalani hukuman yg tdk aku lakukan Biarlah Tuhan yg akan membalas Nya Tabur tuai üò¢",Ugw2MmK2aEfxzRxSssB4AaABAg,,0,https://www.youtube.com/watch?v=gyEi5CC9JXI&lc=Ugw2MmK2aEfxzRxSssB4AaABAg,10/6/2023 9:54,0,"Kalo aku ga merasa bersalah,ogah mengakui Lebih baik aku menjalani hukuman yg tdk aku lakukan Biarlah Tuhan yg akan membalas Nya Tabur tuai üò¢",http://www.youtube.com/channel/UCOEcDWc01oiJZKhT4HuwBdQ
26,Remon Ju,"Begini saja jika hotman paris sengaja berbohong dengan mengatakan jesika tak terlibat dalam pembunuhan mirna,saya minta pada Tuhan Yesus utk mematikan hotman paris dalam waktu satu tahun dari sekarang terhitung dari tgl 06 oktober 2023",UgyD9d5AVf5_BGvQ0Ix4AaABAg,,1,https://www.youtube.com/watch?v=gyEi5CC9JXI&lc=UgyD9d5AVf5_BGvQ0Ix4AaABAg,10/6/2023 8:34,0,"Begini saja jika hotman paris sengaja berbohong dengan mengatakan jesika tak terlibat dalam pembunuhan mirna,saya minta pada Tuhan Yesus utk mematikan hotman paris dalam waktu satu tahun dari sekarang terhitung dari tgl 06 oktober 2023",http://www.youtube.com/channel/UCGc5_b7Mj61JiOMIYF2fNtQ
27,"zam,upin KL10","Mohon pihak berwajib desak SAMBO. Sambo pasti tahu semua hal2 yg terkait kasus ini..aku yakin kupulan sambo tahu..desak paksa org2 yg pertama kali tangani kasus ni, pasti kasus ni bisa di pecahkn..üòèüëçüòèü§≠ü§£ü§£ü§£ü§£ü§£ü§£",UgzP9gfdTRPxdFvTcFZ4AaABAg,,0,https://www.youtube.com/watch?v=gyEi5CC9JXI&lc=UgzP9gfdTRPxdFvTcFZ4AaABAg,10/6/2023 6:01,0,"Mohon pihak berwajib desak SAMBO. Sambo pasti tahu semua hal2 yg terkait kasus ini..aku yakin kupulan sambo tahu..desak paksa org2 yg pertama kali tangani kasus ni, pasti kasus ni bisa di pecahkn..üòèüëçüòèü§≠ü§£ü§£ü§£ü§£ü§£ü§£",http://www.youtube.com/channel/UCeF6I7Lt61Od3Y-JqQd_rvw
28,suprih atin,Ayah dan suami mirna dalang kematian mirna,Ugx8Hbmd0EtJ_aNAj_t4AaABAg,,0,https://www.youtube.com/watch?v=gyEi5CC9JXI&lc=Ugx8Hbmd0EtJ_aNAj_t4AaABAg,10/6/2023 5:49,0,Ayah dan suami mirna dalang kematian mirna,http://www.youtube.com/channel/UCtysiuV5J2k3AHwWJmRnNAg
29,anna love Official,Smgtt Mbk Jesikaa yaa,UgzmzyGvlotmC2JtK9l4AaABAg,,0,https://www.youtube.com/watch?v=gyEi5CC9JXI&lc=UgzmzyGvlotmC2JtK9l4AaABAg,10/6/2023 1:07,0,Smgtt Mbk Jesikaa yaa,http://www.youtube.com/channel/UCIx8JYZ459BXuS4CyurpXnA
30,Doraemon 1985,Angkat lagi kasusnya ...pasti seru dan pasti ada tersangka baru....#savejessica,UgxMPmshWnZCYrX2Z8l4AaABAg,,0,https://www.youtube.com/watch?v=gyEi5CC9JXI&lc=UgxMPmshWnZCYrX2Z8l4AaABAg,10/5/2023 21:38,0,Angkat lagi kasusnya ...pasti seru dan pasti ada tersangka baru....#savejessica,http://www.youtube.com/channel/UCm7Y0TUPAcEOPChXQjqlG1w
31,Lalalisa Lisa,Halah mirna sehat2 ae kok. Begt minum kopi vietnam bau busuk lgs meningsoi matek hitungan 5 menit . Yg ngebunuh sapa lagi yg jahat irian dan psikopat background macam jessica. Hotman banyak cocot,UgwyX9Ms4BSOWT09a054AaABAg,,1,https://www.youtube.com/watch?v=gyEi5CC9JXI&lc=UgwyX9Ms4BSOWT09a054AaABAg,10/5/2023 21:23,0,Halah mirna sehat2 ae kok. Begt minum kopi vietnam bau busuk lgs meningsoi matek hitungan 5 menit . Yg ngebunuh sapa lagi yg jahat irian dan psikopat background macam jessica. Hotman banyak cocot,http://www.youtube.com/channel/UCC-yisvqwJiIkJNUdB_EMjA
32,Nesyaaa_‚Ä¢,Dagelan dagelan kocak koclok mabuk.,UgwfOzA0FO3X3UM-6d54AaABAg,,0,https://www.youtube.com/watch?v=gyEi5CC9JXI&lc=UgwfOzA0FO3X3UM-6d54AaABAg,10/5/2023 20:43,0,Dagelan dagelan kocak koclok mabuk.,http://www.youtube.com/channel/UCCu7wj-_0tKanGTAe-QTTHg
33,Lucita Sekartaji,"Kenapa ya sistem pengadilan yg sdh selesai tidak bisa di ulang, meskipun jelas keputusan yang lama sangat lemah atau kurang membuktikan kalau seseorang itu bersalah..harusnya bisa di ulang untuk memperbaiki vonis yang mgkin saja bisa jadi salah dan orang yang benar2 salah jadi bebas bahagia..kalaupun orang yg sekarang benar2 salah pengadilan hrs bisa memberikan bukti2 yg meyakinkan khalayak bahwa putusan iti benar..karena ini hidup dan nama baik..",Ugy2K-y3JoG5J9nGR5d4AaABAg,,0,https://www.youtube.com/watch?v=gyEi5CC9JXI&lc=Ugy2K-y3JoG5J9nGR5d4AaABAg,10/5/2023 19:43,0,"Kenapa ya sistem pengadilan yg sdh selesai tidak bisa di ulang, meskipun jelas keputusan yang lama sangat lemah atau kurang membuktikan kalau seseorang itu bersalah..harusnya bisa di ulang untuk memperbaiki vonis yang mgkin saja bisa jadi salah dan orang yang benar2 salah jadi bebas bahagia..kalaupun orang yg sekarang benar2 salah pengadilan hrs bisa memberikan bukti2 yg meyakinkan khalayak bahwa putusan iti benar..karena ini hidup dan nama baik..",http://www.youtube.com/channel/UCcKwBwOchsExq8T6ddCe3KQ
34,Rahmad 007,Ah...paling ini trending sebentar..trending gara2 netflix..lama2 juga ilang sendiri...coba sesekali wartawan itu tanya ke Mahfud MD sama presiden...,UgzgwHv0blGzxAibYZV4AaABAg,,0,https://www.youtube.com/watch?v=gyEi5CC9JXI&lc=UgzgwHv0blGzxAibYZV4AaABAg,10/5/2023 19:17,0,Ah...paling ini trending sebentar..trending gara2 netflix..lama2 juga ilang sendiri...coba sesekali wartawan itu tanya ke Mahfud MD sama presiden...,http://www.youtube.com/channel/UCkQXkOienYWx_63vCFInYEg
35,Angel Cummings,"Kalo di Amrik,,, melakukan hal sprti itu... adalah sprti membuang diri ke jurang pak. Kalo memang tidak bersalah,,, ya tim pengacaranya harus kerja keras investigasi dari luar dan naik banding. Jadi istilahnya berusaha utk Jessica dari dari luar penjara. Krna kalo mengaku juga tidak akan menjadi suatu keyakinan bhawa dia kan diberi kebebasan. Intinya kalo tidak berbuat jangan mengaku itu akan bisa dijadikan utk memperberat jessica secara moral.... dan belum tentu juga dibebaskn. Harus diperjuangkan utk bisa dibebaskan. Atau jessica sendiri dari dalam penjara ajukan kepada presiden utk kasusnnya ditindaklanjuti lebih lanjut. Kalo nga bersalah jangan mengaku bersalah. Tidak benar itu.",Ugxs9QtmTJgDWe65ybt4AaABAg,,3,https://www.youtube.com/watch?v=gyEi5CC9JXI&lc=Ugxs9QtmTJgDWe65ybt4AaABAg,10/5/2023 18:43,1,"Kalo di Amrik,,, melakukan hal sprti itu... adalah sprti membuang diri ke jurang pak. Kalo memang tidak bersalah,,, ya tim pengacaranya harus kerja keras investigasi dari luar dan naik banding. Jadi istilahnya berusaha utk Jessica dari dari luar penjara. Krna kalo mengaku juga tidak akan menjadi suatu keyakinan bhawa dia kan diberi kebebasan. Intinya kalo tidak berbuat jangan mengaku itu akan bisa dijadikan utk memperberat jessica secara moral.... dan belum tentu juga dibebaskn. Harus diperjuangkan utk bisa dibebaskan. Atau jessica sendiri dari dalam penjara ajukan kepada presiden utk kasusnnya ditindaklanjuti lebih lanjut. Kalo nga bersalah jangan mengaku bersalah. Tidak benar itu.",http://www.youtube.com/channel/UCtHMTI6dOaal2tq1oUqvzMw
36,Trilaksono Bimantoro,"Masalahnya dalam undang2 KHUP kalo sudah pk maka tidak bisa banding lagi maka cara terakhir adalah grasi, dan itu cara terkahir tentu resikonya meminta ampun dan mengakui kesalahan, itu sudah disampaikan pak Otto kepada Jessica tetapi Jessica menolak.",Ugxs9QtmTJgDWe65ybt4AaABAg.9vVhRyFMUDY9vW5XmorxDH,Angel Cummings,0,https://www.youtube.com/watch?v=gyEi5CC9JXI&lc=Ugxs9QtmTJgDWe65ybt4AaABAg.9vVhRyFMUDY9vW5XmorxDH,10/5/2023 22:22,0,"Masalahnya dalam undang2 KHUP kalo sudah pk maka tidak bisa banding lagi maka cara terakhir adalah grasi, dan itu cara terkahir tentu resikonya meminta ampun dan mengakui kesalahan, itu sudah disampaikan pak Otto kepada Jessica tetapi Jessica menolak.",http://www.youtube.com/channel/UCkEAKWHZtYS7gUifP0XnWaA
37,Junglecat74,Edan .. wong ga salah suruh ngaku salah Biar Tuhan yg mengadili ‚Ä¶ Org yg memenjarakan Jess ‚Ä¶ wait and see .. they will get their turn,UgwtpMWUdvD6KxGQGEt4AaABAg,,0,https://www.youtube.com/watch?v=gyEi5CC9JXI&lc=UgwtpMWUdvD6KxGQGEt4AaABAg,10/5/2023 18:34,0,Edan .. wong ga salah suruh ngaku salah Biar Tuhan yg mengadili ‚Ä¶ Org yg memenjarakan Jess ‚Ä¶ wait and see .. they will get their turn,http://www.youtube.com/channel/UCwp4eAOXAWkx2A9WuoL7sFg
38,Henny Sofyan,Innocent,UgylNQD1Muz4MXH5oAh4AaABAg,,0,https://www.youtube.com/watch?v=gyEi5CC9JXI&lc=UgylNQD1Muz4MXH5oAh4AaABAg,10/5/2023 18:04,0,Innocent,http://www.youtube.com/channel/UCW6at8GVf3Neq1hml--VKZg
39,Desanto Selfiatos,"Hukum di indonesia terdengar konyol ya..mengutip apa yg bang hotman katakan tadi bahwa berdasarkan hukum yg berlaku di negara kita ini tidak ada lagi jalan keluar utk jesica selain mengajukan grasi kepada presiden..lho,klo semisal setelah 7 tahun hukuman penjara jessica jalani,lantas tiba2 ditemukan kejanggalan dalam kasus pembunuhan mirna dan diragukan bahwa jesica adalah pelakunya mestinya kasus ini dibuka kembali dong..gila lho,atas dasar kemanusiaan kasus ini mesti dibuka kembali,dibedah secara terang benderang..gak perduli klo hukumnya sudah final karna hakim sudah menjatuhkan vonis inilah itulah..klo ditemukan bukti baru yg menguatkan bahwa jessica bukanlah pelakunya ya dibuka lagilah kasusnya..masak 1 manusia yg tidak bersalah dikorbankan hanya dengan alasan peraturan hukumnya sudah final..buang semua peraturan hukum ini itulah klo sudah berbicara kemanusiaan yg adil dan beradab..BUKA KEMBALI KASUS INI!!!!!!?",UgwKgARwOLEmoE0wwV14AaABAg,,0,https://www.youtube.com/watch?v=gyEi5CC9JXI&lc=UgwKgARwOLEmoE0wwV14AaABAg,10/5/2023 17:51,0,"Hukum di indonesia terdengar konyol ya..mengutip apa yg bang hotman katakan tadi bahwa berdasarkan hukum yg berlaku di negara kita ini tidak ada lagi jalan keluar utk jesica selain mengajukan grasi kepada presiden..lho,klo semisal setelah 7 tahun hukuman penjara jessica jalani,lantas tiba2 ditemukan kejanggalan dalam kasus pembunuhan mirna dan diragukan bahwa jesica adalah pelakunya mestinya kasus ini dibuka kembali dong..gila lho,atas dasar kemanusiaan kasus ini mesti dibuka kembali,dibedah secara terang benderang..gak perduli klo hukumnya sudah final karna hakim sudah menjatuhkan vonis inilah itulah..klo ditemukan bukti baru yg menguatkan bahwa jessica bukanlah pelakunya ya dibuka lagilah kasusnya..masak 1 manusia yg tidak bersalah dikorbankan hanya dengan alasan peraturan hukumnya sudah final..buang semua peraturan hukum ini itulah klo sudah berbicara kemanusiaan yg adil dan beradab..BUKA KEMBALI KASUS INI!!!!!!?",http://www.youtube.com/channel/UCCNxLjKEb1mptJGpz13pG7Q
40,Desanto Selfiatos,"Jangan pernah mau mengaku,kalau tidak merasa bersalah..biarin aja dihukum penjara puluhan tahun,biarkan Tuhan yg bertindak..",UgxehJALvdMcNMWYXEZ4AaABAg,,0,https://www.youtube.com/watch?v=gyEi5CC9JXI&lc=UgxehJALvdMcNMWYXEZ4AaABAg,10/5/2023 17:37,0,"Jangan pernah mau mengaku,kalau tidak merasa bersalah..biarin aja dihukum penjara puluhan tahun,biarkan Tuhan yg bertindak..",http://www.youtube.com/channel/UCCNxLjKEb1mptJGpz13pG7Q
41,IR,Sy yakin Tdk ada yg racung mirna kemungkinan keracungan atau akibat yg lain.,UgzW6oGHl8MCnAHFGZF4AaABAg,,0,https://www.youtube.com/watch?v=gyEi5CC9JXI&lc=UgzW6oGHl8MCnAHFGZF4AaABAg,10/5/2023 17:13,0,Sy yakin Tdk ada yg racung mirna kemungkinan keracungan atau akibat yg lain.,http://www.youtube.com/channel/UC9tsOaNLZIH8GphWkjygvJA
42,jeyoo ray,Klo bukan kita yg melakukan ngapain ngaku ini kasus menghilangkan nyawa orang.mau keturunan kita dicap anak pembunuh seumur hidup.pada hal bukan kt ug melakukan.ngapai ngaku atas kesalahan yg bkn kt lakukan.ada hukum tuhan.,Ugz8Olb2AtXcvNfcGy94AaABAg,,0,https://www.youtube.com/watch?v=gyEi5CC9JXI&lc=Ugz8Olb2AtXcvNfcGy94AaABAg,10/5/2023 16:32,0,Klo bukan kita yg melakukan ngapain ngaku ini kasus menghilangkan nyawa orang.mau keturunan kita dicap anak pembunuh seumur hidup.pada hal bukan kt ug melakukan.ngapai ngaku atas kesalahan yg bkn kt lakukan.ada hukum tuhan.,http://www.youtube.com/channel/UCPpOXaho-rNzIil22xeOkGQ
43,SutanPalito Tv,"Karma sudah di terima ,, sama penyidik yang menyidik Jesika,,,tauuu kan siapa orang nya",Ugy4gZSNXBl9_DB5ELl4AaABAg,,0,https://www.youtube.com/watch?v=gyEi5CC9JXI&lc=Ugy4gZSNXBl9_DB5ELl4AaABAg,10/5/2023 16:27,0,"Karma sudah di terima ,, sama penyidik yang menyidik Jesika,,,tauuu kan siapa orang nya",http://www.youtube.com/channel/UCjPEWssMaSdvMugzXHryegA
44,Hadari Muhamad,Korban mafia hukum Sambo laknatullah,UgxrOA4dVmHAVBBbkFt4AaABAg,,0,https://www.youtube.com/watch?v=gyEi5CC9JXI&lc=UgxrOA4dVmHAVBBbkFt4AaABAg,10/5/2023 16:13,0,Korban mafia hukum Sambo laknatullah,http://www.youtube.com/channel/UC6MYa3w08McGhfuVHtODMbg
45,jack prawiro,Seperti nya ada pihak ke tiga pelaku utama belum terungkap yg sudah mengetahui pertemuan si mirna jesica hani di kafe itu yg jadi kambing hitam sianida tidak di otopsi?,Ugxl829DfJ80W_DaVUh4AaABAg,,0,https://www.youtube.com/watch?v=gyEi5CC9JXI&lc=Ugxl829DfJ80W_DaVUh4AaABAg,10/5/2023 15:59,0,Seperti nya ada pihak ke tiga pelaku utama belum terungkap yg sudah mengetahui pertemuan si mirna jesica hani di kafe itu yg jadi kambing hitam sianida tidak di otopsi?,http://www.youtube.com/channel/UCWKVXE_CSN4_Nimgn3PZATw
46,Billy,Ayahnya mirna play boy pengen nikah lagi pantek itu perlu dicurigainüòÇ,UgxnlrevAA4Lf-5eV-94AaABAg,,0,https://www.youtube.com/watch?v=gyEi5CC9JXI&lc=UgxnlrevAA4Lf-5eV-94AaABAg,10/5/2023 15:52,0,Ayahnya mirna play boy pengen nikah lagi pantek itu perlu dicurigainüòÇ,http://www.youtube.com/channel/UCUQr9yP6KVvM_0HPHc52BIg
47,Raihan Fadhilah,"Kalau kasus ini naik lagi, ya siap2 jendral krisna murti di periksa kembali.",UgyQVc4Kf7BdHzZdUyx4AaABAg,,0,https://www.youtube.com/watch?v=gyEi5CC9JXI&lc=UgyQVc4Kf7BdHzZdUyx4AaABAg,10/5/2023 14:12,0,"Kalau kasus ini naik lagi, ya siap2 jendral krisna murti di periksa kembali.",http://www.youtube.com/channel/UCLVPT3Fz2h2Xq6eHzqEpUeg
48,Qumariah Z,Klw ga salah kasian. Juga. Sampe sekarang belum ada titik terang,Ugyuf_2BEu5ZDA4_K4h4AaABAg,,0,https://www.youtube.com/watch?v=gyEi5CC9JXI&lc=Ugyuf_2BEu5ZDA4_K4h4AaABAg,10/5/2023 13:58,0,Klw ga salah kasian. Juga. Sampe sekarang belum ada titik terang,http://www.youtube.com/channel/UCRbbjXLg8chPfC-qk27Ik6Q
49,Aris Septyan,"KALAU SAYA PRIBADI LEBIH BAIK DIHUKUM MATI DEMI KEBENARAN DARIPADA DIHUKUM RINGAN TAPI DIPAKSA UNTUK MENGAKUI KESALAHAN YANG TERANG"" BUKAN KESALAHAN KITA. YANG PENTING KUNCI HIDUP ITU HARUS BERANI JUJUR DAN BERTANGGUNG JAWAB",Ugzc8xIrY5z7VEkx-gd4AaABAg,,0,https://www.youtube.com/watch?v=gyEi5CC9JXI&lc=Ugzc8xIrY5z7VEkx-gd4AaABAg,10/5/2023 13:16,0,"KALAU SAYA PRIBADI LEBIH BAIK DIHUKUM MATI DEMI KEBENARAN DARIPADA DIHUKUM RINGAN TAPI DIPAKSA UNTUK MENGAKUI KESALAHAN YANG TERANG"" BUKAN KESALAHAN KITA. YANG PENTING KUNCI HIDUP ITU HARUS BERANI JUJUR DAN BERTANGGUNG JAWAB",http://www.youtube.com/channel/UCTTLHlrEjnc3t0wOU1noH8g
50,MASHA SHA,Hukum mati,UgzU9f2YCagWT7wx3y14AaABAg,,0,https://www.youtube.com/watch?v=gyEi5CC9JXI&lc=UgzU9f2YCagWT7wx3y14AaABAg,10/5/2023 12:46,0,Hukum mati,http://www.youtube.com/channel/UCgama7aZa5RQi9jRyHGdJaQ
51,Welly Panata,"Ngapain ngaku salah,pdhl gk slah. Iya jg klo grasi nya di terima pak üòÇ",Ugwf_7bAqtTiR4515Bx4AaABAg,,0,https://www.youtube.com/watch?v=gyEi5CC9JXI&lc=Ugwf_7bAqtTiR4515Bx4AaABAg,10/5/2023 12:39,0,"Ngapain ngaku salah,pdhl gk slah. Iya jg klo grasi nya di terima pak üòÇ",http://www.youtube.com/channel/UCHkoTKgtQQc62kLKR8e92CA
52,Zaenal Arifin,Salah satu hukum yang tidak jelas di negeri ini,UgzJwGb_LJ06HuA8zlN4AaABAg,,0,https://www.youtube.com/watch?v=gyEi5CC9JXI&lc=UgzJwGb_LJ06HuA8zlN4AaABAg,10/5/2023 11:41,0,Salah satu hukum yang tidak jelas di negeri ini,http://www.youtube.com/channel/UCe4fKjo9Zh9TGNvOWQf4_Bg
53,Entong Beljik,"Ajukan grasi skrg,sebelum pak jokowi habis periodenya.kalo ganti presiden mana mau ngurusin yg gini2.",UgxKQERLAMwzRLI63kB4AaABAg,,0,https://www.youtube.com/watch?v=gyEi5CC9JXI&lc=UgxKQERLAMwzRLI63kB4AaABAg,10/5/2023 11:36,0,"Ajukan grasi skrg,sebelum pak jokowi habis periodenya.kalo ganti presiden mana mau ngurusin yg gini2.",http://www.youtube.com/channel/UCKtmyhpPMkICUYMVxzttkbw
54,Dhan Causa,Ferdy Sambo menang banyak karena kasus iniüò™,UgzBWKNMjBi2YAGAyMN4AaABAg,,0,https://www.youtube.com/watch?v=gyEi5CC9JXI&lc=UgzBWKNMjBi2YAGAyMN4AaABAg,10/5/2023 10:30,0,Ferdy Sambo menang banyak karena kasus iniüò™,http://www.youtube.com/channel/UCJEl6zUxNvzXvEE7VrjG7wg
55,Dhan Causa,"Menghukum seseorang dengan cuma berdasarkan"" keyakinan hakim"" waduuww hukum macam apa ini???",UgywwbhDbKzDaJoeGl94AaABAg,,8,https://www.youtube.com/watch?v=gyEi5CC9JXI&lc=UgywwbhDbKzDaJoeGl94AaABAg,10/5/2023 10:29,0,"Menghukum seseorang dengan cuma berdasarkan"" keyakinan hakim"" waduuww hukum macam apa ini???",http://www.youtube.com/channel/UCJEl6zUxNvzXvEE7VrjG7wg
56,badai,Apakah masi ada keadilan di Indonesia ini.,UgwKdjZ0LAXrLlGZhWB4AaABAg,,0,https://www.youtube.com/watch?v=gyEi5CC9JXI&lc=UgwKdjZ0LAXrLlGZhWB4AaABAg,10/5/2023 10:19,0,Apakah masi ada keadilan di Indonesia ini.,http://www.youtube.com/channel/UCw-MLk5im6mw84qksdj_yCQ
57,Aku Telkomsel,Sebaiknya dioutopsi lagi. Cari data sejarah tentang matinya orang yg dibunuh oleh nazi. Apakah ada perbedaan mati karena racun sianida ada perbedaan dengan mati larena yg lain,UgwZr3ehGHJNBPtCjBZ4AaABAg,,0,https://www.youtube.com/watch?v=gyEi5CC9JXI&lc=UgwZr3ehGHJNBPtCjBZ4AaABAg,10/5/2023 9:48,0,Sebaiknya dioutopsi lagi. Cari data sejarah tentang matinya orang yg dibunuh oleh nazi. Apakah ada perbedaan mati karena racun sianida ada perbedaan dengan mati larena yg lain,http://www.youtube.com/channel/UCXJh49baRRpINGRtH4eLrsQ
58,Aku Telkomsel,"Biasanya film lbh banyak benar pada akhirnya. Karena film dibuat dengan visi apalagi film documentari Terbukti disemua film terbukti kebenarannya,terwujud jadi realitas senyatanya",Ugwf-Mtgv2E_7htWmdF4AaABAg,,0,https://www.youtube.com/watch?v=gyEi5CC9JXI&lc=Ugwf-Mtgv2E_7htWmdF4AaABAg,10/5/2023 9:42,0,"Biasanya film lbh banyak benar pada akhirnya. Karena film dibuat dengan visi apalagi film documentari Terbukti disemua film terbukti kebenarannya,terwujud jadi realitas senyatanya",http://www.youtube.com/channel/UCXJh49baRRpINGRtH4eLrsQ
59,ÊõæÊÄ°Èàû,Gak apa orang benar aman dari sumpah pocong atau sumpah adat üòÇüòÇ,UgweFCe3ARTZa2y8N-N4AaABAg,,0,https://www.youtube.com/watch?v=gyEi5CC9JXI&lc=UgweFCe3ARTZa2y8N-N4AaABAg,10/5/2023 9:35,0,Gak apa orang benar aman dari sumpah pocong atau sumpah adat üòÇüòÇ,http://www.youtube.com/channel/UCUNt1XqDnEoKfhg-oDoYK0Q
60,Swarno Wawang,Saya mohon kepada bang Hotman Paris tolonglah Jesika bantulah dia Abang pasti bisa,UgzWSPwMn7cKBPvtXFx4AaABAg,,0,https://www.youtube.com/watch?v=gyEi5CC9JXI&lc=UgzWSPwMn7cKBPvtXFx4AaABAg,10/5/2023 9:24,0,Saya mohon kepada bang Hotman Paris tolonglah Jesika bantulah dia Abang pasti bisa,http://www.youtube.com/channel/UCx2kK-esGSpRnMAI2AYnJaA
61,MR EDAN,PAK HOTMAN BANTU KELUARGA JESSICA CARI KEADILAN BEBASKAN JESSICA üëçüëçüëçüëçüëçüëç,UgzRrM9pbFAfXmgp5gt4AaABAg,,1,https://www.youtube.com/watch?v=gyEi5CC9JXI&lc=UgzRrM9pbFAfXmgp5gt4AaABAg,10/5/2023 9:08,0,PAK HOTMAN BANTU KELUARGA JESSICA CARI KEADILAN BEBASKAN JESSICA üëçüëçüëçüëçüëçüëç,http://www.youtube.com/channel/UCztangq2I42lUlS_Ru1o9jQ
62,Her,"dari dulu tak percaya dg kronologis yg d bangun cctv tsk terbukti, ngeri sekali berhubung d kejar target, pikirlah para pelaku pemidana...dg nurani yg bersih ingat tuhan sumber dari segala sumber kehidupan",Ugx592k-9D8lb_2rJwJ4AaABAg,,0,https://www.youtube.com/watch?v=gyEi5CC9JXI&lc=Ugx592k-9D8lb_2rJwJ4AaABAg,10/5/2023 9:07,0,"dari dulu tak percaya dg kronologis yg d bangun cctv tsk terbukti, ngeri sekali berhubung d kejar target, pikirlah para pelaku pemidana...dg nurani yg bersih ingat tuhan sumber dari segala sumber kehidupan",http://www.youtube.com/channel/UCZTcf2JMKlkipfW-jNRrJHQ
63,Her,"ingat tdk semua terhukum itu salah, contoh kasus sengkon n karta....berbahagialah mereka yg berhasil memidanakan mereka, tanggung jawab akhir ada d pundak mereka....seorang yang berhasil d pidanakan suatu keberhasilan pikir mereka...ingat pengadilan akhirat brooo...!!!!!! tak ada kata maaf",Ugz0jgEPkU7n6WEMx5R4AaABAg,,0,https://www.youtube.com/watch?v=gyEi5CC9JXI&lc=Ugz0jgEPkU7n6WEMx5R4AaABAg,10/5/2023 9:03,0,"ingat tdk semua terhukum itu salah, contoh kasus sengkon n karta....berbahagialah mereka yg berhasil memidanakan mereka, tanggung jawab akhir ada d pundak mereka....seorang yang berhasil d pidanakan suatu keberhasilan pikir mereka...ingat pengadilan akhirat brooo...!!!!!! tak ada kata maaf",http://www.youtube.com/channel/UCZTcf2JMKlkipfW-jNRrJHQ
64,Hello Helloop,Seharusnya Rocky Gerung yang jadi favorit alay sampai capres di pemilu,UgwqzzaWmgzLo9Ueta94AaABAg,,0,https://www.youtube.com/watch?v=gyEi5CC9JXI&lc=UgwqzzaWmgzLo9Ueta94AaABAg,10/5/2023 8:33,0,Seharusnya Rocky Gerung yang jadi favorit alay sampai capres di pemilu,http://www.youtube.com/channel/UCLvij8hGlQkP1gYEWADLlog
65,Matahari Terbit,"Bapak Mirna juga sangat bringas , padahal orang yang terlalu banyak konsumsi bahan makanan dan minuman yang mengandung pengawet kimia,masuk ke tubuh manusia menjadi sianida",Ugy8MwLh86qfon81QUt4AaABAg,,0,https://www.youtube.com/watch?v=gyEi5CC9JXI&lc=Ugy8MwLh86qfon81QUt4AaABAg,10/5/2023 8:25,1,"Bapak Mirna juga sangat bringas , padahal orang yang terlalu banyak konsumsi bahan makanan dan minuman yang mengandung pengawet kimia,masuk ke tubuh manusia menjadi sianida",http://www.youtube.com/channel/UCFAKoJ8HHCquZSp_JMirf_Q
66,Matahari Terbit,"Hati hati jangan minum kopi susu coklat sama temen jika mati mendadak sehabis minum kopi,anda mungkin di vonis menaruh sianida, makanan dan minuman yang mengandung pengawet makanan masuk ke dalam tubuh manusia menjadi sianida, maka itu jangan main vonis saja seenaknya hakim dan jaksa",Ugy8MwLh86qfon81QUt4AaABAg.9vUalMYVj8B9vUbB06ktx3,Matahari Terbit,0,https://www.youtube.com/watch?v=gyEi5CC9JXI&lc=Ugy8MwLh86qfon81QUt4AaABAg.9vUalMYVj8B9vUbB06ktx3,10/5/2023 8:29,0,"Hati hati jangan minum kopi susu coklat sama temen jika mati mendadak sehabis minum kopi,anda mungkin di vonis menaruh sianida, makanan dan minuman yang mengandung pengawet makanan masuk ke dalam tubuh manusia menjadi sianida, maka itu jangan main vonis saja seenaknya hakim dan jaksa",http://www.youtube.com/channel/UCFAKoJ8HHCquZSp_JMirf_Q
67,Matahari Terbit,"Banyak konsumsi makanan dan minuman produk masal yang mengandung pengawet kimia,masuk ke dalam tubuh manusia tentu menjadi sianida,",UgyutCS1H-IwO73fTxV4AaABAg,,0,https://www.youtube.com/watch?v=gyEi5CC9JXI&lc=UgyutCS1H-IwO73fTxV4AaABAg,10/5/2023 8:23,0,"Banyak konsumsi makanan dan minuman produk masal yang mengandung pengawet kimia,masuk ke dalam tubuh manusia tentu menjadi sianida,",http://www.youtube.com/channel/UCFAKoJ8HHCquZSp_JMirf_Q
68,Balbina,Tuhan akan membukakan jalan meskipun tampaknya buntu di mata manusia‚Ä¶ namun bagi Tuhan tidak. Percaya Jes‚Ä¶ miracle pasti ada‚Ä¶.,Ugx9JeSmNt9n8yWlqVN4AaABAg,,1,https://www.youtube.com/watch?v=gyEi5CC9JXI&lc=Ugx9JeSmNt9n8yWlqVN4AaABAg,10/5/2023 8:18,0,Tuhan akan membukakan jalan meskipun tampaknya buntu di mata manusia‚Ä¶ namun bagi Tuhan tidak. Percaya Jes‚Ä¶ miracle pasti ada‚Ä¶.,http://www.youtube.com/channel/UC95vrN6KPDekkH1zpI4YPaw
69,Ryo umbu chanel,Tapi klau memang dia bnr2 tdk melakukan trus mngaku salah ajah.. yah gak bsa dong gua jga klo gua gak berbuat ngaku2 slah ngapain mndingan di penjara aja..,UgyZLj1T8i-Z8Q442S54AaABAg,,1,https://www.youtube.com/watch?v=gyEi5CC9JXI&lc=UgyZLj1T8i-Z8Q442S54AaABAg,10/5/2023 8:17,0,Tapi klau memang dia bnr2 tdk melakukan trus mngaku salah ajah.. yah gak bsa dong gua jga klo gua gak berbuat ngaku2 slah ngapain mndingan di penjara aja..,http://www.youtube.com/channel/UCjT5G-YohUWhkpCapNDsNqQ
70,Balbina,Ibu Jessica semoga tetap sabar dan sehat terus ya‚Ä¶ menunggu Jessica bebas. Keajaiban Tuhan akan terjadi‚Ä¶ ini sdh dibuka sedikit demi sedikit‚Ä¶.,Ugx3RmhRv2sUfzP7z2p4AaABAg,,7,https://www.youtube.com/watch?v=gyEi5CC9JXI&lc=Ugx3RmhRv2sUfzP7z2p4AaABAg,10/5/2023 8:12,0,Ibu Jessica semoga tetap sabar dan sehat terus ya‚Ä¶ menunggu Jessica bebas. Keajaiban Tuhan akan terjadi‚Ä¶ ini sdh dibuka sedikit demi sedikit‚Ä¶.,http://www.youtube.com/channel/UC95vrN6KPDekkH1zpI4YPaw
71,Balbina,"Sebentar lagi alam akan menggulung para pemfitnah ‚Ä¶. Tunggu saja‚Ä¶ Tuhan akan memberikan keadilannya melalui cara yg mengerikan utk orang2 yg tidak jujur, dan tidak benar‚Ä¶",Ugx848dofVK8K7dDERV4AaABAg,,1,https://www.youtube.com/watch?v=gyEi5CC9JXI&lc=Ugx848dofVK8K7dDERV4AaABAg,10/5/2023 8:10,0,"Sebentar lagi alam akan menggulung para pemfitnah ‚Ä¶. Tunggu saja‚Ä¶ Tuhan akan memberikan keadilannya melalui cara yg mengerikan utk orang2 yg tidak jujur, dan tidak benar‚Ä¶",http://www.youtube.com/channel/UC95vrN6KPDekkH1zpI4YPaw
72,Si jon,"Bisa2 Netflix aja nih bikin dokumentary jessica.. Jelas jessica sdh salah 1000% 1. Jessica datang terlebih dahulu di tkp 2. Jessica Check cctv dari pintu masuk dan semua posisi cctv di check nya 3. Jessica yg ajak ketemu sepulang Ausie 4. Ada chat Jessica tawari minuman tp oliver blg dia pesan sendiri minumannya 5. Jessica pesan minuman, pdhl yg lain belum datang 6. Ada 13 catatan kriminal jess di Ausie dan saksi sdh di datangkan 7. Jess menghalangi cctv yg dekat meja dengan tas belanja 8. Jess mengaruk tangan nya di saat kejadian 9. Celana jess yg ketumpahan serbuk sianida di buangnya dan pembantu nya jg dipecat 10. Jess ga konsisten sama pernyataan nya 11. Jess di duga ada kelainan, karna tdk menunjukkan expressi sama sekali saat sahabatnya jatuh, dan saat dipersidangan jg. Dan semua hal yg saya sebutkan kamu msh bs ngecheck di yt, ada jejak digital",Ugz_cia6ULboMDoaYZN4AaABAg,,3,https://www.youtube.com/watch?v=gyEi5CC9JXI&lc=Ugz_cia6ULboMDoaYZN4AaABAg,10/5/2023 7:37,0,"Bisa2 Netflix aja nih bikin dokumentary jessica.. Jelas jessica sdh salah 1000% 1. Jessica datang terlebih dahulu di tkp 2. Jessica Check cctv dari pintu masuk dan semua posisi cctv di check nya 3. Jessica yg ajak ketemu sepulang Ausie 4. Ada chat Jessica tawari minuman tp oliver blg dia pesan sendiri minumannya 5. Jessica pesan minuman, pdhl yg lain belum datang 6. Ada 13 catatan kriminal jess di Ausie dan saksi sdh di datangkan 7. Jess menghalangi cctv yg dekat meja dengan tas belanja 8. Jess mengaruk tangan nya di saat kejadian 9. Celana jess yg ketumpahan serbuk sianida di buangnya dan pembantu nya jg dipecat 10. Jess ga konsisten sama pernyataan nya 11. Jess di duga ada kelainan, karna tdk menunjukkan expressi sama sekali saat sahabatnya jatuh, dan saat dipersidangan jg. Dan semua hal yg saya sebutkan kamu msh bs ngecheck di yt, ada jejak digital",http://www.youtube.com/channel/UCFnMGjfIrIrgwuC8gqshdWg
73,Sheree \',Masa kn semua pemimpin tertinggi negara ini pekak badak semua tdk mendengar suara suara rakyat yg heboh tentang kes ini ... üòÖ,UgxThMWmX9KqQ4v51o94AaABAg,,0,https://www.youtube.com/watch?v=gyEi5CC9JXI&lc=UgxThMWmX9KqQ4v51o94AaABAg,10/5/2023 7:26,0,Masa kn semua pemimpin tertinggi negara ini pekak badak semua tdk mendengar suara suara rakyat yg heboh tentang kes ini ... üòÖ,http://www.youtube.com/channel/UCvp-DWrTIov9P3TJJn6aQXA
74,Nur Leni,Hukum di Indonesia memang bobrok!!!!!,Ugwn2YtAKuu1ufFHiyt4AaABAg,,2,https://www.youtube.com/watch?v=gyEi5CC9JXI&lc=Ugwn2YtAKuu1ufFHiyt4AaABAg,10/5/2023 7:22,0,Hukum di Indonesia memang bobrok!!!!!,http://www.youtube.com/channel/UCD74hpAiheJh3Q3Pum1jxtA
75,Sugar Kimmy,Jangan mau mengaku bersalah..!!Belum tentu Presiden memberi grasi bebas..!!,UgzQiyeZL4hEz2nrwwt4AaABAg,,0,https://www.youtube.com/watch?v=gyEi5CC9JXI&lc=UgzQiyeZL4hEz2nrwwt4AaABAg,10/5/2023 7:21,1,Jangan mau mengaku bersalah..!!Belum tentu Presiden memberi grasi bebas..!!,http://www.youtube.com/channel/UCtgxVMTnX5J1gpwq5k9Skgw
76,BabyMe,"betul tuh,, hotman paris ngomng panjang lebar seolah2 grasi itu udah pasti bebas,,, wkwkwk",UgzQiyeZL4hEz2nrwwt4AaABAg.9vUUPkyzif19vYbHzsmxMl,Sugar Kimmy,0,https://www.youtube.com/watch?v=gyEi5CC9JXI&lc=UgzQiyeZL4hEz2nrwwt4AaABAg.9vUUPkyzif19vYbHzsmxMl,10/6/2023 21:47,0,"betul tuh,, hotman paris ngomng panjang lebar seolah2 grasi itu udah pasti bebas,,, wkwkwk",http://www.youtube.com/channel/UCRhOY3jZB1YEaJl7eQlq_dQ
77,cs,"Jaksa hakim gak punya bukti ,tapi main tebak tebakan....yah hukum indonesia bikin sedih",UgwL6e9zrzZISyaVwpp4AaABAg,,2,https://www.youtube.com/watch?v=gyEi5CC9JXI&lc=UgwL6e9zrzZISyaVwpp4AaABAg,10/5/2023 7:17,0,"Jaksa hakim gak punya bukti ,tapi main tebak tebakan....yah hukum indonesia bikin sedih",http://www.youtube.com/channel/UCx4_Nri8o4MRfej99eAW4LA
78,chandra kirana,Alloh tidak tidur kebenaran pasti terungkap,UgwK3IQpYL5NCwP5C_p4AaABAg,,0,https://www.youtube.com/watch?v=gyEi5CC9JXI&lc=UgwK3IQpYL5NCwP5C_p4AaABAg,10/5/2023 7:14,0,Alloh tidak tidur kebenaran pasti terungkap,http://www.youtube.com/channel/UC9qv93_fxMTyube7k5eZxlA
79,Siti Nurainun,"Jangan minta grasi sekarang,,tunggu aj president baru",UgzD1UrNI1QPTvpzOs14AaABAg,,1,https://www.youtube.com/watch?v=gyEi5CC9JXI&lc=UgzD1UrNI1QPTvpzOs14AaABAg,10/5/2023 7:13,0,"Jangan minta grasi sekarang,,tunggu aj president baru",http://www.youtube.com/channel/UCekLM7oW3mfiGFg-W1cF4Gw
80,Sherly Bernadette,Sabar bu kebenaran akan terungkap Tuhan tidak tidur bu sabar ya üôèüèΩüôèüèΩ,Ugx-XJiz5Qg2RQrW_8Z4AaABAg,,0,https://www.youtube.com/watch?v=gyEi5CC9JXI&lc=Ugx-XJiz5Qg2RQrW_8Z4AaABAg,10/5/2023 7:11,0,Sabar bu kebenaran akan terungkap Tuhan tidak tidur bu sabar ya üôèüèΩüôèüèΩ,http://www.youtube.com/channel/UClCmFsJ95fIdihG7QfRC2OA
81,Sherly Bernadette,Pulihkan nama jesica üôèüèΩhiotman bantu donk jgn omdo aja wkwwkwkk,Ugy8QiFiV-22ktfE1sh4AaABAg,,0,https://www.youtube.com/watch?v=gyEi5CC9JXI&lc=Ugy8QiFiV-22ktfE1sh4AaABAg,10/5/2023 7:09,0,Pulihkan nama jesica üôèüèΩhiotman bantu donk jgn omdo aja wkwwkwkk,http://www.youtube.com/channel/UClCmFsJ95fIdihG7QfRC2OA
82,Pelukis Kata8,"Harusnya sistim hukumnya di rubah, kalo kaya gini y ga bener. sudah di vonis bersalah, lalau d hukum...tapi apbila stlah bbrp th ada bukti jika terpidana tidak bersalah masa tidak bisa di upayakan lg. Minimal harus ada Sidang Luar Biasa",UgyQlWEH9IWaEdmKaP94AaABAg,,1,https://www.youtube.com/watch?v=gyEi5CC9JXI&lc=UgyQlWEH9IWaEdmKaP94AaABAg,10/5/2023 7:06,0,"Harusnya sistim hukumnya di rubah, kalo kaya gini y ga bener. sudah di vonis bersalah, lalau d hukum...tapi apbila stlah bbrp th ada bukti jika terpidana tidak bersalah masa tidak bisa di upayakan lg. Minimal harus ada Sidang Luar Biasa",http://www.youtube.com/channel/UCbkOZkTGZJcP3iXUgOC8R8g
83,Suto Nelly,Mungkin saat nja kebenarnja dan keadilan buat Jessica,UgxcPhl7-enTJqvRZSp4AaABAg,,0,https://www.youtube.com/watch?v=gyEi5CC9JXI&lc=UgxcPhl7-enTJqvRZSp4AaABAg,10/5/2023 6:59,0,Mungkin saat nja kebenarnja dan keadilan buat Jessica,http://www.youtube.com/channel/UCvomFHS-HvdIHp6crydFS_Q
84,Dinar Htb,Ikut terharu semoga kamu di bebaskan,UgzBvL47ckQOSZEj3uZ4AaABAg,,0,https://www.youtube.com/watch?v=gyEi5CC9JXI&lc=UgzBvL47ckQOSZEj3uZ4AaABAg,10/5/2023 6:59,0,Ikut terharu semoga kamu di bebaskan,http://www.youtube.com/channel/UCWRwVvJmPLqUSVUZt7KVmHA
85,Dinar Htb,Tuhan tidak tidur.semoga ada ke azaiban buatmu zessica.,Ugw9HysNVVWg09frGwx4AaABAg,,0,https://www.youtube.com/watch?v=gyEi5CC9JXI&lc=Ugw9HysNVVWg09frGwx4AaABAg,10/5/2023 6:59,0,Tuhan tidak tidur.semoga ada ke azaiban buatmu zessica.,http://www.youtube.com/channel/UCWRwVvJmPLqUSVUZt7KVmHA
86,Jar wanto,"Klo gak salah kok suruh ngaku salah bgmn hotman paris? Sabar jes suatu saat kebenaran akan muncul jes, biarpun dihukum mati jgn mau suruh ngaku salah.",UgynezXkfnqQv-ksK1V4AaABAg,,0,https://www.youtube.com/watch?v=gyEi5CC9JXI&lc=UgynezXkfnqQv-ksK1V4AaABAg,10/5/2023 6:58,0,"Klo gak salah kok suruh ngaku salah bgmn hotman paris? Sabar jes suatu saat kebenaran akan muncul jes, biarpun dihukum mati jgn mau suruh ngaku salah.",http://www.youtube.com/channel/UCxQ6p6Fks9CVtpOsSWG18dw
87,Cahaya Nurani,Awal mula kebenaran akan terungkap,UgyXsrwRaSYR4po-FVl4AaABAg,,0,https://www.youtube.com/watch?v=gyEi5CC9JXI&lc=UgyXsrwRaSYR4po-FVl4AaABAg,10/5/2023 6:50,0,Awal mula kebenaran akan terungkap,http://www.youtube.com/channel/UCDFRS3dLPtllqGeDoQdv1vw
88,ximenes,Pasti kelakuannya suami Mirna dia yg jht kenapa nga mati di rumah sakit masa mati di tangan suami logika tidak benar,Ugy_GOkd7Gs5BkORJ0V4AaABAg,,0,https://www.youtube.com/watch?v=gyEi5CC9JXI&lc=Ugy_GOkd7Gs5BkORJ0V4AaABAg,10/5/2023 6:50,0,Pasti kelakuannya suami Mirna dia yg jht kenapa nga mati di rumah sakit masa mati di tangan suami logika tidak benar,http://www.youtube.com/channel/UC5xs4iYtfI_74rG7B3OEtwg
89,Tri Pitarto,"Semudah itulah, kl diakui.",Ugw51udIBuxM8V3jvAh4AaABAg,,0,https://www.youtube.com/watch?v=gyEi5CC9JXI&lc=Ugw51udIBuxM8V3jvAh4AaABAg,10/5/2023 6:49,0,"Semudah itulah, kl diakui.",http://www.youtube.com/channel/UCjSVh_6VlqyILcsWrGpG4NQ
90,madao,Gue mau juga ah nuduh orang maling tapi bukti dia maling barang gue gak ada wkwkwk canda,UgzN42AD-eXYggS_p4J4AaABAg,,0,https://www.youtube.com/watch?v=gyEi5CC9JXI&lc=UgzN42AD-eXYggS_p4J4AaABAg,10/5/2023 6:49,0,Gue mau juga ah nuduh orang maling tapi bukti dia maling barang gue gak ada wkwkwk canda,http://www.youtube.com/channel/UC3KS5wN7wJG3vsbNjZmM0Bw
91,U-X Channel,"Jangan pernah ngaku salah bila kau benar2 tidak bersalah Jes.. Walaupun pendapat bang Hotman benar tetaplah pada pendirianmu dri awal.. Jangan ngaku bersalah.. Serahkan kepada Tuhan seluruh masalah ini.. Karena pengadilan Tuhan lebih menyakitkan yg suatu saat akan mereka Terima.. Gusti Allah mboten sare Jes.. Sabar ya Jess.. Banyak kok yg membelamu.. Gw juga di tahun 2016 gk respect dengan persidanganmu saat itu.. Gw paham berapa sakitnya teman yg kita sayangi tewas didepan kita sendiri padahal bukan kita yg membunuhnya.. Otomatis bingung, terdiam dan pasrah dengan keadaan.. Arif, Hani dan bokap mirna saat itu tidak ada gurat wajah kesedihan soal kematian mirna sama sekali.. Adapun mereka pura2 menolong mirna hanyalah sandiwara",UgwuKFP8xewaonqD6oN4AaABAg,,6,https://www.youtube.com/watch?v=gyEi5CC9JXI&lc=UgwuKFP8xewaonqD6oN4AaABAg,10/5/2023 6:46,0,"Jangan pernah ngaku salah bila kau benar2 tidak bersalah Jes.. Walaupun pendapat bang Hotman benar tetaplah pada pendirianmu dri awal.. Jangan ngaku bersalah.. Serahkan kepada Tuhan seluruh masalah ini.. Karena pengadilan Tuhan lebih menyakitkan yg suatu saat akan mereka Terima.. Gusti Allah mboten sare Jes.. Sabar ya Jess.. Banyak kok yg membelamu.. Gw juga di tahun 2016 gk respect dengan persidanganmu saat itu.. Gw paham berapa sakitnya teman yg kita sayangi tewas didepan kita sendiri padahal bukan kita yg membunuhnya.. Otomatis bingung, terdiam dan pasrah dengan keadaan.. Arif, Hani dan bokap mirna saat itu tidak ada gurat wajah kesedihan soal kematian mirna sama sekali.. Adapun mereka pura2 menolong mirna hanyalah sandiwara",http://www.youtube.com/channel/UCFobAA2yB7XsQg6IhpESkuw
92,sm tha,Yang baru ngikutin berita ini krn naik lagi pasti pada ngebela dan kasihan sama jesica ü§£ü§£,Ugw2DxIpSxffkk_vRUB4AaABAg,,1,https://www.youtube.com/watch?v=gyEi5CC9JXI&lc=Ugw2DxIpSxffkk_vRUB4AaABAg,10/5/2023 6:36,2,Yang baru ngikutin berita ini krn naik lagi pasti pada ngebela dan kasihan sama jesica ü§£ü§£,http://www.youtube.com/channel/UCQRGZCD_kgbau8D7uYHygSQ
93,Balbina,Sdh ada pencerahan‚Ä¶ kalo dulu kan msh gelap‚Ä¶ msh pada bodoh‚Ä¶,Ugw2DxIpSxffkk_vRUB4AaABAg.9vUPGgOvxq79vUa6bRZLCi,sm tha,0,https://www.youtube.com/watch?v=gyEi5CC9JXI&lc=Ugw2DxIpSxffkk_vRUB4AaABAg.9vUPGgOvxq79vUa6bRZLCi,10/5/2023 8:20,0,Sdh ada pencerahan‚Ä¶ kalo dulu kan msh gelap‚Ä¶ msh pada bodoh‚Ä¶,http://www.youtube.com/channel/UC95vrN6KPDekkH1zpI4YPaw
94,madao,"Beda generasi, dulu emak¬≤ korban sinetron dan drama yg nonton gak detail dan malah gak ngeh sama racun yg gak ada",Ugw2DxIpSxffkk_vRUB4AaABAg.9vUPGgOvxq79vUQcEei5KO,sm tha,0,https://www.youtube.com/watch?v=gyEi5CC9JXI&lc=Ugw2DxIpSxffkk_vRUB4AaABAg.9vUPGgOvxq79vUQcEei5KO,10/5/2023 6:48,0,"Beda generasi, dulu emak¬≤ korban sinetron dan drama yg nonton gak detail dan malah gak ngeh sama racun yg gak ada",http://www.youtube.com/channel/UC3KS5wN7wJG3vsbNjZmM0Bw
95,Galenka Jessi,"Ajukan grasi sama aja mengaku salah. Menghirup udara bebas tp sakitnya tuh dihati kena bullyan diluar . Mendingan sabar aja dan tetap berkelakuan baik kan ada remisi ""tiap tahunnya .",UgxW1dii6jQxfoK7tgF4AaABAg,,0,https://www.youtube.com/watch?v=gyEi5CC9JXI&lc=UgxW1dii6jQxfoK7tgF4AaABAg,10/5/2023 6:36,0,"Ajukan grasi sama aja mengaku salah. Menghirup udara bebas tp sakitnya tuh dihati kena bullyan diluar . Mendingan sabar aja dan tetap berkelakuan baik kan ada remisi ""tiap tahunnya .",http://www.youtube.com/channel/UC-w4Hx08PV6l_ihICT1Ngww
96,Agus S,"dari persidangan terbukti tidak ada yang melakukan itu kecuali J, yaitu J mengakui saat kopi tiba di meja, masih berupa kopi "" ini kopi apa kok harum sekali "" dijawab "" robusta "" oleh pelayan. saksl ahli dari J juga menyatakan sianida disiram air panas bisa menghasilkan gas dg bau khusus. Lalu sejak itu hingga mirna minum dan mati, gelas kopi tersebut hanya dikuasai oleh J (terlihat di cctv).",UgyV6kMwCqHx-BGOYeJ4AaABAg,,1,https://www.youtube.com/watch?v=gyEi5CC9JXI&lc=UgyV6kMwCqHx-BGOYeJ4AaABAg,10/5/2023 6:30,0,"dari persidangan terbukti tidak ada yang melakukan itu kecuali J, yaitu J mengakui saat kopi tiba di meja, masih berupa kopi "" ini kopi apa kok harum sekali "" dijawab "" robusta "" oleh pelayan. saksl ahli dari J juga menyatakan sianida disiram air panas bisa menghasilkan gas dg bau khusus. Lalu sejak itu hingga mirna minum dan mati, gelas kopi tersebut hanya dikuasai oleh J (terlihat di cctv).",http://www.youtube.com/channel/UCUmW9qAyTNiedto109BIYHA
97,L Muhdar,Emang hukum di Indonesia ini gila uang segalanya ..udah basi Hotman ga da gunanya kau ngomong..ingat hukum karma itu berlaku.,UgzKcCe06Qjgu0gyLxN4AaABAg,,0,https://www.youtube.com/watch?v=gyEi5CC9JXI&lc=UgzKcCe06Qjgu0gyLxN4AaABAg,10/5/2023 6:29,0,Emang hukum di Indonesia ini gila uang segalanya ..udah basi Hotman ga da gunanya kau ngomong..ingat hukum karma itu berlaku.,http://www.youtube.com/channel/UCK9AYKWFO1pgtIKQFWxLWUg
98,Lumbantoruan Marudut,Tuhan tau Jessica mampu melalui semua cobaan ini .,UgxyvUHzn7_Bem_FBbZ4AaABAg,,7,https://www.youtube.com/watch?v=gyEi5CC9JXI&lc=UgxyvUHzn7_Bem_FBbZ4AaABAg,10/5/2023 6:20,0,Tuhan tau Jessica mampu melalui semua cobaan ini .,http://www.youtube.com/channel/UCkTGCaYPnPWPud_ZJKXnCtw
99,ASURANSI KESEHATAN TERBAIK,Kasian jessica sih,Ugw5MnYL2nYidkZKaW14AaABAg,,0,https://www.youtube.com/watch?v=gyEi5CC9JXI&lc=Ugw5MnYL2nYidkZKaW14AaABAg,10/5/2023 6:19,0,Kasian jessica sih,http://www.youtube.com/channel/UCpTLIP4rDqBEiuE9ulg260A
100,Farhand Prj,Si sambo pnya kerja,UgwJx578Hy3pe5Q_b4Z4AaABAg,,0,https://www.youtube.com/watch?v=gyEi5CC9JXI&lc=UgwJx578Hy3pe5Q_b4Z4AaABAg,10/5/2023 6:06,0,Si sambo pnya kerja,http://www.youtube.com/channel/UCG34C35KLweXBBlUOWuF6kg
101,"by""ncv 5belt""",Jesica korban fitnah kasian bnget..moga2 dia dibebaskan,UgxZalAICkvvzsX9S2N4AaABAg,,0,https://www.youtube.com/watch?v=gyEi5CC9JXI&lc=UgxZalAICkvvzsX9S2N4AaABAg,10/5/2023 6:04,0,Jesica korban fitnah kasian bnget..moga2 dia dibebaskan,http://www.youtube.com/channel/UCWm_ONQ7RjN8Lkmo7Xd6-Bw
102,fendi2702,mengaku bersalah walaupun tidak bersalah? Bagaimana memperbaiki nama lagi kalau sudah mengaku bersalah?,UgwhYLkV4F6Bl4nTBZl4AaABAg,,0,https://www.youtube.com/watch?v=gyEi5CC9JXI&lc=UgwhYLkV4F6Bl4nTBZl4AaABAg,10/5/2023 5:57,0,mengaku bersalah walaupun tidak bersalah? Bagaimana memperbaiki nama lagi kalau sudah mengaku bersalah?,http://www.youtube.com/channel/UCY1OlsdnP0D1gsObC8xTicw
103,Muhammad Adam,"Wadoooohhhhh parah parah kena prank nya Jessica ,",Ugws--FGRNpRLwahDMl4AaABAg,,0,https://www.youtube.com/watch?v=gyEi5CC9JXI&lc=Ugws--FGRNpRLwahDMl4AaABAg,10/5/2023 5:37,0,"Wadoooohhhhh parah parah kena prank nya Jessica ,",http://www.youtube.com/channel/UCtDHAJlfe-AN8BbIpVFwKMw
104,Mega Tobing,"Ikutin ajalah Jessica apa dibilang pak Hotman wlu Jessica tidak masukin sianida ke minuman alm Mirna. Dimata manusia Jessica dianggep bunuh Mirna dan bersalah, ga apa2 peduli amat orang2 yg menyalahkan Jessica. Yg penting dimata Tuhan Jessica tidak bersalah.",UgyhYJQadT793qPDjsd4AaABAg,,0,https://www.youtube.com/watch?v=gyEi5CC9JXI&lc=UgyhYJQadT793qPDjsd4AaABAg,10/5/2023 5:33,3,"Ikutin ajalah Jessica apa dibilang pak Hotman wlu Jessica tidak masukin sianida ke minuman alm Mirna. Dimata manusia Jessica dianggep bunuh Mirna dan bersalah, ga apa2 peduli amat orang2 yg menyalahkan Jessica. Yg penting dimata Tuhan Jessica tidak bersalah.",http://www.youtube.com/channel/UC2TrOmvAiMQA-CZg1Mq55JA
105,Balbina,Kalo ajukan grasi cap pembunuh akan melekat seumur hidup meskipun kenyataanya tidak membunuh.,UgyhYJQadT793qPDjsd4AaABAg.9vUHyhWRQor9vU_cPxKckJ,Mega Tobing,0,https://www.youtube.com/watch?v=gyEi5CC9JXI&lc=UgyhYJQadT793qPDjsd4AaABAg.9vUHyhWRQor9vU_cPxKckJ,10/5/2023 8:15,0,Kalo ajukan grasi cap pembunuh akan melekat seumur hidup meskipun kenyataanya tidak membunuh.,http://www.youtube.com/channel/UC95vrN6KPDekkH1zpI4YPaw
106,Balbina,Kalo ajukan cap pembunuh akan melekat seumur hidup.,UgyhYJQadT793qPDjsd4AaABAg.9vUHyhWRQor9vU_VTPAARa,Mega Tobing,0,https://www.youtube.com/watch?v=gyEi5CC9JXI&lc=UgyhYJQadT793qPDjsd4AaABAg.9vUHyhWRQor9vU_VTPAARa,10/5/2023 8:14,0,Kalo ajukan cap pembunuh akan melekat seumur hidup.,http://www.youtube.com/channel/UC95vrN6KPDekkH1zpI4YPaw
107,Galenka Jessi,Tiap tahun dapat remisi mendingan jalani drpd mengaku salah atas perbuatan yg TDK dia lakukan.,UgyhYJQadT793qPDjsd4AaABAg.9vUHyhWRQor9vUPlXz7Bok,Mega Tobing,1,https://www.youtube.com/watch?v=gyEi5CC9JXI&lc=UgyhYJQadT793qPDjsd4AaABAg.9vUHyhWRQor9vUPlXz7Bok,10/5/2023 6:41,0,Tiap tahun dapat remisi mendingan jalani drpd mengaku salah atas perbuatan yg TDK dia lakukan.,http://www.youtube.com/channel/UC-w4Hx08PV6l_ihICT1Ngww
108,betty panggabean,God bless jess..km tdk salah‚ù§‚ù§,UgzLJn_54o9FIXOmXSN4AaABAg,,0,https://www.youtube.com/watch?v=gyEi5CC9JXI&lc=UgzLJn_54o9FIXOmXSN4AaABAg,10/5/2023 5:26,0,God bless jess..km tdk salah‚ù§‚ù§,http://www.youtube.com/channel/UCBmL7bYmNNQQ5HwTYooH-0Q
109,Eyang Kakung,"üò¢üò¢üò¢üò¢üò¢ Jadi ikut sedih setiap lihat wajah Jessica N Mamanya,,, ""ORANG BENAR YANG DI HARUSKAN SALAH\'! Gila bener Hukum di Negeri ini!!",Ugy3Ncc_m-EL5wybSR54AaABAg,,7,https://www.youtube.com/watch?v=gyEi5CC9JXI&lc=Ugy3Ncc_m-EL5wybSR54AaABAg,10/5/2023 5:06,0,"üò¢üò¢üò¢üò¢üò¢ Jadi ikut sedih setiap lihat wajah Jessica N Mamanya,,, ""ORANG BENAR YANG DI HARUSKAN SALAH\'! Gila bener Hukum di Negeri ini!!",http://www.youtube.com/channel/UCnSfZOuJq4zvNFmHebuSyWQ
110,Mala Amelia,mngkn kasus ini kebuka viral lg krn kebenaran yg sesungguhnya blm terungkap,UgzgXy7D1SeK3IyartR4AaABAg,,2,https://www.youtube.com/watch?v=gyEi5CC9JXI&lc=UgzgXy7D1SeK3IyartR4AaABAg,10/5/2023 4:57,0,mngkn kasus ini kebuka viral lg krn kebenaran yg sesungguhnya blm terungkap,http://www.youtube.com/channel/UCG07_PGSNogNAtQLOYQ12Xw
111,You and Me,"Siapa yg disini sering nonton JB Story kisah nyata,rata¬≤ kasus diluar negri. Ada kasus seperti ini. Tidak bersalah tp dituduh bersalah dan dihukum lama, kasus dibuka lagi,krn ada kejanggalan.Akhirnya terbukti tidak bersalah,lalu dibebaskan dan diberi uang ganti rugi bermilyar¬≤. Tapi tidak dgn cara seperti yg hotman paris sarankan,disuruh mengaku ,gila x ya....",UgyQkPBxmb7o7b39Jp14AaABAg,,4,https://www.youtube.com/watch?v=gyEi5CC9JXI&lc=UgyQkPBxmb7o7b39Jp14AaABAg,10/5/2023 4:54,1,"Siapa yg disini sering nonton JB Story kisah nyata,rata¬≤ kasus diluar negri. Ada kasus seperti ini. Tidak bersalah tp dituduh bersalah dan dihukum lama, kasus dibuka lagi,krn ada kejanggalan.Akhirnya terbukti tidak bersalah,lalu dibebaskan dan diberi uang ganti rugi bermilyar¬≤. Tapi tidak dgn cara seperti yg hotman paris sarankan,disuruh mengaku ,gila x ya....",http://www.youtube.com/channel/UCJv9ZWS2ubAFRtjJlnkn9UQ
112,Syifa Elfath,"Mgkn tiap negara beda hukumnya? Di indo gini cara mainnya? Kalau mungkin ada pelaku lain, dan tertangkap, dg cara itu mungkin baru jesica bisa bebas dan kembali baik namanya",UgyQkPBxmb7o7b39Jp14AaABAg.9vUDX_u99vi9vYXh0aqHqW,You and Me,1,https://www.youtube.com/watch?v=gyEi5CC9JXI&lc=UgyQkPBxmb7o7b39Jp14AaABAg.9vUDX_u99vi9vYXh0aqHqW,10/6/2023 21:07,0,"Mgkn tiap negara beda hukumnya? Di indo gini cara mainnya? Kalau mungkin ada pelaku lain, dan tertangkap, dg cara itu mungkin baru jesica bisa bebas dan kembali baik namanya",http://www.youtube.com/channel/UCKnkNfcbjVfRJdbLGQVOVog
113,Yohanes Erik,Tolong donk bebaskan Jesica dong THN pasti GK TDR aku yakin Jesica GK salah,UgwSuRQhMLQiwQKJrZJ4AaABAg,,1,https://www.youtube.com/watch?v=gyEi5CC9JXI&lc=UgwSuRQhMLQiwQKJrZJ4AaABAg,10/5/2023 4:50,0,Tolong donk bebaskan Jesica dong THN pasti GK TDR aku yakin Jesica GK salah,http://www.youtube.com/channel/UCaz68MR7IfEzgPGf6OjvmVQ
114,kat kam,"Kalau merasa ngak bersalah ngapain mengaku, walaupun hukuman 100 tahun, ngak harus mengaku, saran hotman adalah sebuah jebakan, biar orang"" yg berbuat curang di belang Aman""",Ugy2vuDJTC6hZI_C3aZ4AaABAg,,26,https://www.youtube.com/watch?v=gyEi5CC9JXI&lc=Ugy2vuDJTC6hZI_C3aZ4AaABAg,10/5/2023 4:01,27,"Kalau merasa ngak bersalah ngapain mengaku, walaupun hukuman 100 tahun, ngak harus mengaku, saran hotman adalah sebuah jebakan, biar orang"" yg berbuat curang di belang Aman""",http://www.youtube.com/channel/UC6VyUAAzgvjPqgGwoyTpPRQ
115,OuR ChanneL,pura2 ngaku aja...udah jelas kok emang dia ngak ngeracun tu mirna...forensik aja udah memastikan mirna nga keracunan sianida...ntah tu bapak mirna dendam ama jes kerna nga ngasi apem kali..üòìüòì,Ugy2vuDJTC6hZI_C3aZ4AaABAg.9vU7Y0G1Muc9vZN_VVoOGz,kat kam,0,https://www.youtube.com/watch?v=gyEi5CC9JXI&lc=Ugy2vuDJTC6hZI_C3aZ4AaABAg.9vU7Y0G1Muc9vZN_VVoOGz,10/7/2023 4:58,0,pura2 ngaku aja...udah jelas kok emang dia ngak ngeracun tu mirna...forensik aja udah memastikan mirna nga keracunan sianida...ntah tu bapak mirna dendam ama jes kerna nga ngasi apem kali..üòìüòì,http://www.youtube.com/channel/UCMK1HGJk-qyBqZ1l7x1kZxg
116,Rudi Hartono,Kan jesika kan tetep gak mengaku.siapa yg bilang mengakuüòÇüòÇüòÇüòÇüòÇüòÇ,Ugy2vuDJTC6hZI_C3aZ4AaABAg.9vU7Y0G1Muc9vYlWSe24HT,kat kam,1,https://www.youtube.com/watch?v=gyEi5CC9JXI&lc=Ugy2vuDJTC6hZI_C3aZ4AaABAg.9vU7Y0G1Muc9vYlWSe24HT,10/6/2023 23:16,0,Kan jesika kan tetep gak mengaku.siapa yg bilang mengakuüòÇüòÇüòÇüòÇüòÇüòÇ,http://www.youtube.com/channel/UCGUf_46sprBLq9enHf928Ng
117,emaknya tary,"Lah yg ngaku siapa? Jesica nggk mengakui,dia lbi baik dihukum seumur hidup daripada mengakui sesuatu yang tidak dia lakukan",Ugy2vuDJTC6hZI_C3aZ4AaABAg.9vU7Y0G1Muc9vYg1r8Q-vK,kat kam,1,https://www.youtube.com/watch?v=gyEi5CC9JXI&lc=Ugy2vuDJTC6hZI_C3aZ4AaABAg.9vU7Y0G1Muc9vYg1r8Q-vK,10/6/2023 22:28,0,"Lah yg ngaku siapa? Jesica nggk mengakui,dia lbi baik dihukum seumur hidup daripada mengakui sesuatu yang tidak dia lakukan",http://www.youtube.com/channel/UCcCqp0k5S6-P8REd1Msadew
118,Cokro Hendriansa,‚Äã@Kitty Chijawaban logis dan cerdas,Ugy2vuDJTC6hZI_C3aZ4AaABAg.9vU7Y0G1Muc9vY_qHLNDpF,kat kam,0,https://www.youtube.com/watch?v=gyEi5CC9JXI&lc=Ugy2vuDJTC6hZI_C3aZ4AaABAg.9vU7Y0G1Muc9vY_qHLNDpF,10/6/2023 21:34,0,‚Äã@Kitty Chijawaban logis dan cerdas,http://www.youtube.com/channel/UCzbBiEGDt4kkj20imLhbYLA
119,Syifa Elfath,"Sygnya cuma opsi ini ya yg ada? Kalau pelaku sebenernya tertangkap, bukannya jesica bisa bebas? Tp ntah pula kalau aslinya meninggal karena sakit, kan jadi ga ada pelakunya, syg ga di autopsi secara menyeluruh üò¢",Ugy2vuDJTC6hZI_C3aZ4AaABAg.9vU7Y0G1Muc9vYXHenjWtI,kat kam,1,https://www.youtube.com/watch?v=gyEi5CC9JXI&lc=Ugy2vuDJTC6hZI_C3aZ4AaABAg.9vU7Y0G1Muc9vYXHenjWtI,10/6/2023 21:03,0,"Sygnya cuma opsi ini ya yg ada? Kalau pelaku sebenernya tertangkap, bukannya jesica bisa bebas? Tp ntah pula kalau aslinya meninggal karena sakit, kan jadi ga ada pelakunya, syg ga di autopsi secara menyeluruh üò¢",http://www.youtube.com/channel/UCKnkNfcbjVfRJdbLGQVOVog
120,ning. sexi,"Untuk jesica "" Indah tepat pada waktu nya """,Ugw_uPwNxKR1XHGGLCZ4AaABAg,,2,https://www.youtube.com/watch?v=gyEi5CC9JXI&lc=Ugw_uPwNxKR1XHGGLCZ4AaABAg,10/5/2023 4:00,0,"Untuk jesica "" Indah tepat pada waktu nya """,http://www.youtube.com/channel/UCFBDgt-mamLxW8bQTsMxivQ
121,azizah nurrahma,"Masih hangat ya,pdhl kasus lama sekali",Ugx1M90FSUxUapeoL1x4AaABAg,,2,https://www.youtube.com/watch?v=gyEi5CC9JXI&lc=Ugx1M90FSUxUapeoL1x4AaABAg,10/5/2023 3:56,0,"Masih hangat ya,pdhl kasus lama sekali",http://www.youtube.com/channel/UCyLj-GHnD69ph3MiycucdCA
122,Dedah Jaja,Semoga ada ajaiban dari tuhan,UgxKsUIipe1mkgkEySZ4AaABAg,,4,https://www.youtube.com/watch?v=gyEi5CC9JXI&lc=UgxKsUIipe1mkgkEySZ4AaABAg,10/5/2023 3:56,0,Semoga ada ajaiban dari tuhan,http://www.youtube.com/channel/UCSOAI-O0p5UbJ6KDkYBRVGw
123,Syawal Wal0852,#justiceforjessica,UgyXWVba17dlwnvJDCR4AaABAg,,2,https://www.youtube.com/watch?v=gyEi5CC9JXI&lc=UgyXWVba17dlwnvJDCR4AaABAg,10/5/2023 3:47,0,#justiceforjessica,http://www.youtube.com/channel/UCGlZsrZp5r-W7nfQRtivkMA
124,Huta Galung,Hotman. Semanat. Terus. Tapi. Bantu. Dong. Ok,UgypNrUKBr8OpftdR0l4AaABAg,,1,https://www.youtube.com/watch?v=gyEi5CC9JXI&lc=UgypNrUKBr8OpftdR0l4AaABAg,10/5/2023 3:46,0,Hotman. Semanat. Terus. Tapi. Bantu. Dong. Ok,http://www.youtube.com/channel/UCoaNqOcVmRa7_I04Z6S9HFA
125,dwiwinarni. winarni,Tuhan gk tidur jes smga kebenaran bkl terungkap,UgyIbcxNp--4ttuxCS54AaABAg,,6,https://www.youtube.com/watch?v=gyEi5CC9JXI&lc=UgyIbcxNp--4ttuxCS54AaABAg,10/5/2023 3:37,0,Tuhan gk tidur jes smga kebenaran bkl terungkap,http://www.youtube.com/channel/UCi57gpJWPwkAPuYICzpoDvw
126,Bunda Nayla Nayla,"orang yg menghancurkanmu.,adalah orang terdekatmu",UgwLTt5dsx_E_GNPs394AaABAg,,5,https://www.youtube.com/watch?v=gyEi5CC9JXI&lc=UgwLTt5dsx_E_GNPs394AaABAg,10/5/2023 3:31,0,"orang yg menghancurkanmu.,adalah orang terdekatmu",http://www.youtube.com/channel/UCZowHrDbxgcNejCDQER9ZUA
127,Pcall Lyrics,Banyak yg bermain di kasus Jessica...,Ugzp7oKIZPknSKgKo5F4AaABAg,,7,https://www.youtube.com/watch?v=gyEi5CC9JXI&lc=Ugzp7oKIZPknSKgKo5F4AaABAg,10/5/2023 3:31,0,Banyak yg bermain di kasus Jessica...,http://www.youtube.com/channel/UC1GPbpfs1JlXV0KcCpxmBRw
128,Adzrazhafina Azizaniransyah,ü§îü§îü§îü§îü§îü§î,UgwuceLsEvUwWJN71_h4AaABAg,,1,https://www.youtube.com/watch?v=gyEi5CC9JXI&lc=UgwuceLsEvUwWJN71_h4AaABAg,10/5/2023 3:28,0,ü§îü§îü§îü§îü§îü§î,http://www.youtube.com/channel/UC3O-Uh8vx07MEvSnc1DqwlA
129,ricki saputra,Hmmm,UgyirJK0zNk7YRPFxcx4AaABAg,,1,https://www.youtube.com/watch?v=gyEi5CC9JXI&lc=UgyirJK0zNk7YRPFxcx4AaABAg,10/5/2023 3:05,0,Hmmm,http://www.youtube.com/channel/UCTc1cwvrCoRTIYitP13WpVA
